,accuracy,loss,val_accuracy,val_loss,learning_rate
0,0.841812,0.43472,0.652284,1.359034,1.00E-06
1,0.847038,0.417656,0.654822,1.344462,1.00E-06
2,0.862021,0.396729,0.652284,1.430454,1.00E-06
3,0.862021,0.39041,0.670051,1.337225,1.00E-06
4,0.861672,0.390088,0.682741,1.444417,1.00E-06
5,0.872822,0.366779,0.685279,1.381137,1.00E-06
6,0.870035,0.376009,0.682741,1.418422,1.00E-06
7,0.881533,0.352714,0.687817,1.380392,5.00E-07
8,0.871777,0.36619,0.705584,1.351339,5.00E-07
