,accuracy,loss,val_accuracy,val_loss,learning_rate
0,0.770732,0.671734,0.57868,1.300854,1.00E-06
1,0.793031,0.602595,0.583756,1.414997,1.00E-06
2,0.801394,0.581502,0.573604,1.454103,1.00E-06
3,0.806272,0.562355,0.596447,1.47169,1.00E-06
4,0.819164,0.5371,0.596447,1.514294,5.00E-07
